fecha,nombre_festivo
2022-01-01,Año Nuevo
2022-01-10,Día de los Reyes Magos (observado)
2022-03-21,Día de San José (observado)
2022-04-14,Jueves Santo
2022-04-15,Viernes Santo
2022-05-01,Día del Trabajo
2022-05-30,Ascensión del señor (observado)
2022-06-20,Corpus Christi (observado)
2022-06-27,Sagrado Corazón (observado)
2022-07-04,San Pedro y San Pablo (observado)
2022-07-20,Día de la Independencia
2022-08-07,Batalla de Boyacá
2022-08-15,La Asunción
2022-10-17,Día de la Raza (observado)
2022-11-07,Día de Todos los Santos (observado)
2022-11-14,Independencia de Cartagena (observado)
2022-12-08,La Inmaculada Concepción
2022-12-25,Navidad
2023-01-01,Año Nuevo
2023-01-09,Día de los Reyes Magos (observado)
2023-03-20,Día de San José (observado)
2023-04-06,Jueves Santo
2023-04-07,Viernes Santo
2023-05-01,Día del Trabajo
2023-05-22,Ascensión del señor (observado)
2023-06-12,Corpus Christi (observado)
2023-06-19,Sagrado Corazón (observado)
2023-07-03,San Pedro y San Pablo (observado)
2023-07-20,Día de la Independencia
2023-08-07,Batalla de Boyacá
2023-08-21,La Asunción (observado)
2023-10-16,Día de la Raza (observado)
2023-11-06,Día de Todos los Santos (observado)
2023-11-13,Independencia de Cartagena (observado)
2023-12-08,La Inmaculada Concepción
2023-12-25,Navidad
2024-01-01,Año Nuevo
2024-01-08,Día de los Reyes Magos (observado)
2024-03-25,Día de San José (observado)
2024-03-28,Jueves Santo
2024-03-29,Viernes Santo
2024-05-01,Día del Trabajo
2024-05-13,Ascensión del señor (observado)
2024-06-03,Corpus Christi (observado)
2024-06-10,Sagrado Corazón (observado)
2024-07-01,San Pedro y San Pablo (observado)
2024-07-20,Día de la Independencia
2024-08-07,Batalla de Boyacá
2024-08-19,La Asunción (observado)
2024-10-14,Día de la Raza (observado)
2024-11-04,Día de Todos los Santos (observado)
2024-11-11,Independencia de Cartagena
2024-12-08,La Inmaculada Concepción
2024-12-25,Navidad
2025-01-01,Año Nuevo
2025-01-06,Día de los Reyes Magos
2025-03-24,Día de San José (observado)
2025-04-17,Jueves Santo
2025-04-18,Viernes Santo
2025-05-01,Día del Trabajo
2025-06-02,Ascensión del señor (observado)
2025-06-23,Corpus Christi (observado)
2025-06-30,Sagrado Corazón (observado); San Pedro y San Pablo (observado)
2025-07-20,Día de la Independencia
2025-08-07,Batalla de Boyacá
2025-08-18,La Asunción (observado)
2025-10-13,Día de la Raza (observado)
2025-11-03,Día de Todos los Santos (observado)
2025-11-17,Independencia de Cartagena (observado)
2025-12-08,La Inmaculada Concepción
2025-12-25,Navidad
2026-01-01,Año Nuevo
2026-01-12,Día de los Reyes Magos (observado)
2026-03-23,Día de San José (observado)
2026-04-02,Jueves Santo
2026-04-03,Viernes Santo
2026-05-01,Día del Trabajo
2026-05-18,Ascensión del señor (observado)
2026-06-08,Corpus Christi (observado)
2026-06-15,Sagrado Corazón (observado)
2026-06-29,San Pedro y San Pablo
2026-07-13,Día de Nuestra Señora del Rosario de Chiquinquirá (observado)
2026-07-20,Día de la Independencia
2026-08-07,Batalla de Boyacá
2026-08-17,La Asunción (observado)
2026-10-12,Día de la Raza
2026-11-02,Día de Todos los Santos (observado)
2026-11-16,Independencia de Cartagena (observado)
2026-12-08,La Inmaculada Concepción
2026-12-25,Navidad
2027-01-01,Año Nuevo
2027-01-11,Día de los Reyes Magos (observado)
2027-03-22,Día de San José (observado)
2027-03-25,Jueves Santo
2027-03-26,Viernes Santo
2027-05-01,Día del Trabajo
2027-05-10,Ascensión del señor (observado)
2027-05-31,Corpus Christi (observado)
2027-06-07,Sagrado Corazón (observado)
2027-07-05,San Pedro y San Pablo (observado)
2027-07-12,Día de Nuestra Señora del Rosario de Chiquinquirá (observado)
2027-07-20,Día de la Independencia
2027-08-07,Batalla de Boyacá
2027-08-16,La Asunción (observado)
2027-10-18,Día de la Raza (observado)
2027-11-01,Día de Todos los Santos
2027-11-15,Independencia de Cartagena (observado)
2027-12-08,La Inmaculada Concepción
2027-12-25,Navidad
